{"std_accuracy":0.0918214751054968,"_timestamp":1.744386887462451e+09,"_runtime":81.3830217,"_step":0,"avg_accuracy":0.6932450108786372,"_wandb":{"runtime":81}}