{"std_accuracy":0.010314201982777365,"_timestamp":1.744588375890452e+09,"_runtime":83.816356986,"_step":0,"avg_accuracy":0.9838680061664643,"_wandb":{"runtime":83}}