{"avg_accuracy":0.9652724319081324,"std_accuracy":0.02126206151007876,"_timestamp":1.74458829018942e+09,"_runtime":84.833389191,"_step":0,"_wandb":{"runtime":84}}