{"_wandb":{"runtime":83},"avg_accuracy":0.6002762584105596,"std_accuracy":0.020656772601278107,"_timestamp":1.744608970469595e+09,"_runtime":83.11411259,"_step":0}