{"_step":0,"avg_accuracy":0.6071615766817549,"std_accuracy":0.05288399436979049,"_timestamp":1.7443946431294572e+09,"_runtime":64.976369467,"_wandb":{"runtime":65}}