{"_step":0,"avg_accuracy":0.5799876636382767,"std_accuracy":0.022317673314402802,"_timestamp":1.7443943630217447e+09,"_wandb":{"runtime":64},"_runtime":64.46059845}