{"std_accuracy":0.027246155531940475,"_timestamp":1.744609144896829e+09,"_runtime":85.122053554,"_step":0,"avg_accuracy":0.6165987372919431,"_wandb":{"runtime":85}}