{"std_accuracy":0.025549072984189743,"_timestamp":1.7445875329110842e+09,"_runtime":86.443696731,"_step":0,"_wandb":{"runtime":86},"avg_accuracy":0.967987978581207}