{"avg_accuracy":0.6880809665449478,"std_accuracy":0.03880388104887701,"_wandb":{"runtime":57},"_timestamp":1.7446074738977072e+09,"_runtime":57.801531208,"_step":0}