{"_runtime":87.005703506,"_step":0,"_wandb":{"runtime":87},"avg_accuracy":0.557005263249657,"std_accuracy":0.011990861838185323,"_timestamp":1.7443870582603664e+09}