{"avg_accuracy":0.658732377313134,"std_accuracy":0.024976166677087738,"_timestamp":1.74458989271562e+09,"_runtime":88.935474082,"_step":0,"_wandb":{"runtime":88}}