{"std_accuracy":0.04719806229495893,"_timestamp":1.7445887704456294e+09,"_runtime":32.026708322,"_step":0,"_wandb":{"runtime":32},"avg_accuracy":0.6626326556264623}