{"_wandb":{"runtime":98},"_runtime":98.851394743,"_step":0,"avg_accuracy":0.5799876636382767,"std_accuracy":0.022317673314402802,"_timestamp":1.744588572523484e+09}