{"_wandb":{"runtime":683},"_step":0,"avg_accuracy":0.33180883202425443,"std_accuracy":0.0164603090676556,"_timestamp":1.744604747050988e+09,"_runtime":683.027024371}