{"_wandb":{"runtime":89},"_timestamp":1.7445969907620015e+09,"_runtime":89.694771237,"_step":0,"avg_accuracy":0.6921544900121698,"std_accuracy":0.008196569972219514}