{"_wandb":{"runtime":93},"avg_accuracy":0.9901029156808238,"std_accuracy":0.006615134435603277,"_timestamp":1.7445878056659248e+09,"_runtime":93.379413746,"_step":0}