{"std_accuracy":0.006014588674198447,"_timestamp":1.7445877103587315e+09,"_wandb":{"runtime":88},"_runtime":88.609684556,"_step":0,"avg_accuracy":0.9896004282873657}