{"_runtime":81.590028421,"_step":0,"avg_accuracy":0.6576999871819548,"std_accuracy":0.018799801950793935,"_timestamp":1.7443928351288755e+09,"_wandb":{"runtime":81}}