{"_timestamp":1.7443881381195252e+09,"_runtime":86.07475956,"_step":0,"_wandb":{"runtime":86},"avg_accuracy":0.557005263249657,"std_accuracy":0.011990861838185323}