Epoch,Train Loss,Validation Accuracy,Precision,Recall,F1 Score,Learning Rate
1,0.009598315007739014,1.0,1.0,1.0,1.0,1e-05
2,0.003619577162540876,1.0,1.0,1.0,1.0,1e-05
3,0.0016915048830784284,1.0,1.0,1.0,1.0,1e-05
4,0.0009880310313387232,1.0,1.0,1.0,1.0,1e-05
5,0.000653243859063138,1.0,1.0,1.0,1.0,1e-05
6,0.0004734836754153718,1.0,1.0,1.0,1.0,1e-05
Test,,0.24752475247524752,0.06126850308793256,0.24752475247524752,0.09822410812509823,
