{"avg_accuracy":0.5816600955967971,"std_accuracy":0.06105379206750899,"_timestamp":1.7446093520399535e+09,"_runtime":85.649444463,"_step":0,"_wandb":{"runtime":85}}