{"_timestamp":1.7445870410951948e+09,"_runtime":90.438381314,"_step":0,"_wandb":{"runtime":90},"avg_accuracy":0.9938490006870726,"std_accuracy":0.001824593987777814}