{"_wandb":{"runtime":709},"avg_accuracy":0.4088130164719548,"std_accuracy":0.023527900766930957,"_timestamp":1.7446025561096108e+09,"_runtime":709.850827145,"_step":0}