{"_runtime":33.884951541,"_wandb":{"runtime":33},"_step":0,"avg_accuracy":0.64979971001551,"std_accuracy":0.025543281766211966,"_timestamp":1.7446075405455577e+09}