{"_timestamp":1.7445878963152468e+09,"_runtime":88.627430821,"_step":0,"_wandb":{"runtime":88},"avg_accuracy":0.9873353868022344,"std_accuracy":0.008259061508570404}