{"_timestamp":1.744588020895589e+09,"_runtime":33.958839263,"_step":0,"_wandb":{"runtime":34},"avg_accuracy":0.7633604058319944,"std_accuracy":0.11747172251688943}