{"std_accuracy":0.021749638100093546,"_timestamp":1.7446092643911998e+09,"_runtime":30.791636022,"_wandb":{"runtime":30},"_step":0,"avg_accuracy":0.647020708717467}