{"_step":0,"avg_accuracy":0.5777526417635771,"std_accuracy":0.02290646047771081,"_timestamp":1.744392751698045e+09,"_wandb":{"runtime":84},"_runtime":83.880632305}