{"_runtime":85.233255476,"_step":0,"avg_accuracy":0.557005263249657,"std_accuracy":0.011990861838185323,"_wandb":{"runtime":85},"_timestamp":1.7443930036807115e+09}