{"avg_accuracy":0.7128972788589171,"std_accuracy":0.034259400774681766,"_timestamp":1.7446092040207593e+09,"_runtime":56.921520732,"_step":0,"_wandb":{"runtime":56}}