{"_runtime":88.031210822,"_wandb":{"runtime":88},"_step":0,"avg_accuracy":0.5619748146243382,"std_accuracy":0.02651964013669796,"_timestamp":1.7443871482799346e+09}