{"_step":0,"_wandb":{"runtime":90},"avg_accuracy":0.9918152407663504,"std_accuracy":0.005893853288540145,"_timestamp":1.744588112956851e+09,"_runtime":90.128294715}