{"avg_accuracy":0.647020708717467,"std_accuracy":0.021749638100093546,"_wandb":{"runtime":30},"_timestamp":1.7446082684170225e+09,"_runtime":30.917570989,"_step":0}