{"_runtime":81.882759773,"_step":0,"avg_accuracy":0.6002762584105596,"_wandb":{"runtime":81},"std_accuracy":0.020656772601278107,"_timestamp":1.7446079752514987e+09}