{"std_accuracy":0.045380925236724684,"_timestamp":1.7443879686332889e+09,"_runtime":82.011991772,"_step":0,"avg_accuracy":0.638003017484985,"_wandb":{"runtime":82}}