{"_runtime":94.231876318,"_step":0,"avg_accuracy":0.6298544368101573,"std_accuracy":0.13905819583700216,"_timestamp":1.744589001655554e+09,"_wandb":{"runtime":94}}