{"_wandb":{"runtime":81},"_timestamp":1.7443932555302477e+09,"_runtime":79.186512501,"_step":0,"avg_accuracy":0.6940694401497587,"std_accuracy":0.020121830500786416}