{"std_accuracy":0.04003012526470912,"_timestamp":1.7446074141887689e+09,"_wandb":{"runtime":84},"_runtime":84.642232431,"_step":0,"avg_accuracy":0.6099414970355206}