{"avg_accuracy":0.6165987372919431,"std_accuracy":0.027246155531940475,"_timestamp":1.7445894736556742e+09,"_wandb":{"runtime":95},"_runtime":95.041736991,"_step":0}