{"avg_accuracy":0.2976284171869274,"std_accuracy":0.031029939238036715,"_timestamp":1.7446050462842278e+09,"_runtime":297.307654819,"_step":0,"_wandb":{"runtime":297}}