{"avg_accuracy":0.557005263249657,"std_accuracy":0.011990861838185323,"_timestamp":1.7446083560251777e+09,"_runtime":85.99181445,"_step":0,"_wandb":{"runtime":85}}