{"_runtime":751.933677924,"_step":0,"avg_accuracy":0.39367586495935064,"_wandb":{"runtime":751},"std_accuracy":0.01572165329010854,"_timestamp":1.7446033099477253e+09}