{"_step":0,"_wandb":{"runtime":78},"avg_accuracy":0.6568734458722193,"std_accuracy":0.07921352109381923,"_timestamp":1.744608606185351e+09,"_runtime":78.977865073}