{"_step":0,"_wandb":{"runtime":50},"avg_accuracy":0.6178197736439217,"std_accuracy":0.023714532991815033,"_timestamp":1.7443945762666523e+09,"_runtime":49.828203734}