{"avg_accuracy":0.64979971001551,"std_accuracy":0.025543281766211966,"_timestamp":1.744588809597981e+09,"_runtime":37.293937929,"_step":0,"_wandb":{"runtime":37}}