{"_step":0,"avg_accuracy":0.5619748146243382,"std_accuracy":0.02651964013669796,"_timestamp":1.7446084438853483e+09,"_wandb":{"runtime":86},"_runtime":86.382377736}