{"_step":0,"_wandb":{"runtime":84},"avg_accuracy":0.5705951775508981,"std_accuracy":0.01640656690685758,"_timestamp":1.7446077268774223e+09,"_runtime":84.599673969}