{"_wandb":{"runtime":87},"_runtime":86.953881079,"_step":0,"avg_accuracy":0.5619748146243382,"std_accuracy":0.02651964013669796,"_timestamp":1.7443930919283786e+09}