{"_runtime":59.294232292,"_step":0,"_wandb":{"runtime":59},"avg_accuracy":0.613258246620927,"std_accuracy":0.04322833580300989,"_timestamp":1.7443947043211145e+09}