{"_wandb":{"runtime":94},"avg_accuracy":0.6099414970355206,"std_accuracy":0.04003012526470912,"_timestamp":1.744596468892716e+09,"_runtime":94.826205445,"_step":0}