{"_step":0,"avg_accuracy":0.6714297059499551,"std_accuracy":0.05613970771404916,"_timestamp":1.7445872237186432e+09,"_wandb":{"runtime":28},"_runtime":28.78825385}