{"_timestamp":1.74438671824965e+09,"_runtime":86.02092324,"_step":0,"_wandb":{"runtime":86},"avg_accuracy":0.567086413474707,"std_accuracy":0.01993499519329087}