{"_wandb":{"runtime":80},"_step":0,"avg_accuracy":0.658732377313134,"std_accuracy":0.024976166677087738,"_timestamp":1.7446095219867733e+09,"_runtime":80.026791441}