{"_runtime":84.857951295,"_step":0,"_wandb":{"runtime":84},"avg_accuracy":0.6165987372919431,"std_accuracy":0.027246155531940475,"_timestamp":1.7446081494171033e+09}