{"_step":0,"_wandb":{"runtime":26},"avg_accuracy":0.669884343418206,"std_accuracy":0.04241557241883566,"_timestamp":1.7446092319865236e+09,"_runtime":26.057735258}