{"_wandb":{"runtime":88},"avg_accuracy":0.9881951821883018,"std_accuracy":0.003503632535252653,"_timestamp":1.744588203442825e+09,"_runtime":88.553696173,"_step":0}