{"_step":0,"_wandb":{"runtime":79},"avg_accuracy":0.7209680429523648,"std_accuracy":0.03995404560511053,"_timestamp":1.7446078915861993e+09,"_runtime":79.692414719}