{"_wandb":{"runtime":91},"_runtime":91.332547239,"_step":0,"avg_accuracy":0.6576999871819548,"std_accuracy":0.018799801950793935,"_timestamp":1.744589094935779e+09}