{"_runtime":81.11077888,"_step":0,"avg_accuracy":0.658732377313134,"std_accuracy":0.024976166677087738,"_wandb":{"runtime":81},"_timestamp":1.7443872313244853e+09}