{"epoch":0.8571428571428571,"_timestamp":1.7446683319717436e+09,"_runtime":115.149709166,"_step":6,"_wandb":{"runtime":1113},"Изъяты лексемы с частотой выше 100/roberta-base/train/batch_loss":0.6388554573059082}