{"_timestamp":1.744588669460116e+09,"_runtime":93.865216898,"_step":0,"_wandb":{"runtime":93},"avg_accuracy":0.6099414970355206,"std_accuracy":0.04003012526470912}