{"_step":0,"_wandb":{"runtime":59},"avg_accuracy":0.7207321891961707,"std_accuracy":0.04174804791606875,"_timestamp":1.7443944831877794e+09,"_runtime":58.910007373}