{"_step":0,"avg_accuracy":0.658732377313134,"std_accuracy":0.024976166677087738,"_timestamp":1.7443931745120845e+09,"_wandb":{"runtime":81},"_runtime":80.840717277}