{"avg_accuracy":0.38549402035903896,"std_accuracy":0.02909058644024882,"_wandb":{"runtime":749},"_timestamp":1.7446040618271859e+09,"_runtime":749.800829235,"_step":0}