{"_wandb":{"runtime":80},"avg_accuracy":0.6940694401497587,"std_accuracy":0.020121830500786416,"_timestamp":1.7443873130902436e+09,"_runtime":80.21539281,"_step":0}