{"_timestamp":1.7443944223781097e+09,"_wandb":{"runtime":57},"_runtime":57.540038527,"_step":0,"avg_accuracy":0.6099414970355206,"std_accuracy":0.04003012526470912}