{"_wandb":{"runtime":56},"_runtime":56.918608574,"_step":0,"avg_accuracy":0.7128972788589171,"std_accuracy":0.034259400774681766,"_timestamp":1.7446082076805499e+09}