model_name,dataset_name,avg_accuracy,std_accuracy,avg_f1_macro,std_f1_macro,avg_roc_auc,std_roc_auc
gpt2,Без прилагательных первый-второй жанр,0.7906985613529488,0.05820514690220404,0.7852279318792356,0.05339860027052155,0.9293661151725764,0.0290179071814161
gpt2,6.без слов функциональных.txt,0.7376729152602682,0.04118050002208396,0.7365759593594604,0.04075513652396049,0.8390801470302144,0.03269703402614564
gpt2,"5.без клауз, включающих местоимения.txt",0.9165029805959541,0.023261428783615614,0.9115596630263284,0.023697073330037115,0.9720199654120868,0.010584798789597784
gpt2,"4.Первый жанр без клауз, включающих глаголы и наречия",0.8602652079792467,0.05187414084755248,0.8472707208904926,0.04944465538425127,0.9557708772647966,0.018452965657997044
gpt2,"3.Первый жанр без клауз, включающих глаголы",0.860233186620276,0.03189096299374488,0.8478346503247933,0.02589824219884339,0.9537013193991627,0.01002352954791154
gpt2,"2.Первый жанр без клауз, включающих наречия",0.8745028628780944,0.0689876393119706,0.8695572008808421,0.07064550137592619,0.9656290875399263,0.011233678753248865
gpt2,1.Первый жанр исходная выборка,0.8436481497328682,0.0441655851301534,0.8363462372334624,0.04886528212659701,0.9530347866645807,0.01648591275021711
