model_name,dataset_name,avg_accuracy,std_accuracy,avg_f1_macro,std_f1_macro,avg_roc_auc,std_roc_auc
sberbank-ai/rugpt3small_based_on_gpt2,1.Первый жанр исходная выборка,0.9851093755144777,0.005727986709560414,0.9849097870443351,0.005782271381731774,0.9992875582723465,0.0005392146376327232
facebook/opt-125m,1.Первый жанр исходная выборка,0.9453831899039282,0.012310567301903939,0.9444678893817785,0.012704159121210808,0.9862268189468812,0.004820941886705613
gpt2,1.Первый жанр исходная выборка,0.7365000979862097,0.0676532495075933,0.6947670800858093,0.09629189104253678,0.8855222495349077,0.04644976562924079
