model_name,dataset_name,avg_accuracy,std_accuracy,avg_f1_macro,std_f1_macro,avg_roc_auc,std_roc_auc
sberbank-ai/rugpt3small_based_on_gpt2,Изъяты лексемы с частотой выше 100,0.9856563976885089,0.005922988518999461,0.9848942469105634,0.006163985974644859,0.999390488145092,0.0004329322157967865
facebook/opt-125m,Изъяты лексемы с частотой выше 100,0.9351478744788603,0.011092183371837146,0.9314351342344572,0.011341879116078734,0.9815588853401059,0.004835892750473093
gpt2,Изъяты лексемы с частотой выше 100,0.7592875994244234,0.05834419698792775,0.7136576964732687,0.08687714999451925,0.8820132498975205,0.04124358984609425
