model_name,dataset_name,avg_accuracy,std_accuracy,avg_f1_macro,std_f1_macro,avg_roc_auc,std_roc_auc
gpt2,Изъяты лексемы с частотой выше 9,0.8110081870667097,0.02239959776176222,0.7763658082595802,0.033256126964921535,0.9091929497023333,0.025079567469971066
gpt2,Изъяты лексемы с частотой выше 5,0.7855530115033397,0.0325393693623935,0.6435028432249107,0.11145060571983176,0.8304060543855357,0.023984679323552992
gpt2,Изъяты лексемы с частотой выше 49,0.9117783881635534,0.019781385463189593,0.9061029717108169,0.019970162489738225,0.9702855488634619,0.005480931096082755
gpt2,Изъяты лексемы с частотой выше 3,0.6598492544283434,0.06496732177497934,0.5179982731324669,0.1401207272177242,0.7722391102832523,0.050267986999291976
gpt2,Изъяты лексемы с частотой выше 29,0.9089164350363127,0.013283984153974292,0.9026822835687947,0.0107456678110669,0.9708490700848533,0.005552537209792476
gpt2,Изъяты лексемы с частотой выше 100,0.883224186389679,0.018114572444198535,0.872707503712618,0.025098566859786054,0.9666434804553954,0.0061504499171016
