{"avg_accuracy":0.6106066390452275,"std_accuracy":0.052180889143369484,"_timestamp":1.7445893767959344e+09,"_runtime":96.318695769,"_wandb":{"runtime":96},"_step":0}