{"avg_accuracy":0.4528810749289975,"std_accuracy":0.029635911602953032,"_timestamp":1.744606178134965e+09,"_wandb":{"runtime":730},"_runtime":730.045111402,"_step":0}