{"_step":0,"avg_accuracy":0.567086413474707,"std_accuracy":0.01993499519329087,"_wandb":{"runtime":86},"_timestamp":1.744392665990801e+09,"_runtime":85.932236858}