{"_runtime":28.973995018,"_step":0,"avg_accuracy":0.6699425971469303,"std_accuracy":0.05902188867466061,"_timestamp":1.7446075049802656e+09,"_wandb":{"runtime":28}}