{"_timestamp":1.7445968991342547e+09,"_runtime":91.495108624,"_wandb":{"runtime":91},"_step":0,"avg_accuracy":0.6834575629395304,"std_accuracy":0.06305957049033242}