{"_step":0,"avg_accuracy":0.6230405205560485,"std_accuracy":0.00585035209844794,"_timestamp":1.744606837278968e+09,"_runtime":431.843770108,"_wandb":{"runtime":431}}