{"_runtime":26.408243542,"_step":0,"avg_accuracy":0.669884343418206,"std_accuracy":0.04241557241883566,"_timestamp":1.7446082358826802e+09,"_wandb":{"runtime":26}}