{"_wandb":{"runtime":85},"avg_accuracy":0.5992031302732977,"std_accuracy":0.03121119187768779,"_timestamp":1.744609057971525e+09,"_runtime":85.745140426,"_step":0}