{"_step":0,"_wandb":{"runtime":89},"avg_accuracy":0.9951394127460403,"std_accuracy":0.003987245331312811,"_timestamp":1.7445871323190272e+09,"_runtime":89.634747302}