{"std_accuracy":0.03341732357593787,"_timestamp":1.7446054462120266e+09,"_runtime":398.016757261,"_step":0,"_wandb":{"runtime":398},"avg_accuracy":0.3657542929137972}