{"_timestamp":1.7445889054946449e+09,"_runtime":93.884945068,"_step":0,"avg_accuracy":0.567086413474707,"std_accuracy":0.01993499519329087,"_wandb":{"runtime":93}}