{"avg_accuracy":0.64979971001551,"std_accuracy":0.025543281766211966,"_wandb":{"runtime":40},"_timestamp":1.7445966123907208e+09,"_runtime":40.36400675,"_step":0}