{"avg_accuracy":0.6004467113585787,"std_accuracy":0.04121782022675264,"_timestamp":1.7443942966578658e+09,"_runtime":49.874049491,"_step":0,"_wandb":{"runtime":50}}