{"_wandb":{"runtime":79},"std_accuracy":0.09441624678682042,"_timestamp":1.744386969306701e+09,"_runtime":79.892115118,"_step":0,"avg_accuracy":0.7336514226762662}