{"std_accuracy":0.014997252904542398,"_timestamp":1.7445876199002714e+09,"_runtime":85.029262613,"_wandb":{"runtime":85},"_step":0,"avg_accuracy":0.9771563832749403}