{"std_accuracy":0.020656772601278107,"_timestamp":1.744589278515982e+09,"_runtime":91.213764648,"_wandb":{"runtime":91},"_step":0,"avg_accuracy":0.6002762584105596}