{"std_accuracy":0.034259400774681766,"_timestamp":1.7445895388659132e+09,"_wandb":{"runtime":63},"_runtime":63.341728157,"_step":0,"avg_accuracy":0.7128972788589171}