{"_runtime":86.589957645,"_step":0,"_wandb":{"runtime":86},"avg_accuracy":0.5619748146243382,"std_accuracy":0.02651964013669796,"_timestamp":1.7443882266404116e+09}