{"_wandb":{"runtime":88},"_timestamp":1.7446073276612785e+09,"_runtime":88.9385588,"_step":0,"avg_accuracy":0.5799876636382767,"std_accuracy":0.022317673314402802}