{"_timestamp":1.7445967092796745e+09,"_runtime":95.011468969,"_step":0,"_wandb":{"runtime":95},"avg_accuracy":0.5769483464135631,"std_accuracy":0.030044063840065787}