{"_wandb":{"runtime":96},"avg_accuracy":0.557005263249657,"std_accuracy":0.011990861838185323,"_timestamp":1.7445897038676982e+09,"_runtime":96.606695896,"_step":0}