{"_step":0,"_wandb":{"runtime":58},"avg_accuracy":0.9953892973971873,"std_accuracy":0.00274680824593554,"_timestamp":1.7445879569578748e+09,"_runtime":58.733478995}