{"std_accuracy":0.01993499519329087,"_timestamp":1.744607640233707e+09,"_runtime":97.865736025,"_step":0,"_wandb":{"runtime":97},"avg_accuracy":0.567086413474707}