{"_runtime":99.868919267,"_step":0,"_wandb":{"runtime":99},"avg_accuracy":0.6368058454564585,"std_accuracy":0.13371865520024714,"_timestamp":1.7445963725068045e+09}