{"avg_accuracy":0.6626326556264623,"std_accuracy":0.04719806229495893,"_timestamp":1.7445879854867938e+09,"_wandb":{"runtime":26},"_runtime":26.650532737,"_step":0}