{"std_accuracy":0.002982963726496236,"_timestamp":1.7445871929807544e+09,"_runtime":58.686166255,"_step":0,"_wandb":{"runtime":58},"avg_accuracy":0.9972150837668079}