{"_runtime":65.683610853,"_step":0,"avg_accuracy":0.6880809665449478,"std_accuracy":0.03880388104887701,"_timestamp":1.744588736984806e+09,"_wandb":{"runtime":65}}