{"_step":0,"_wandb":{"runtime":33},"avg_accuracy":0.8437595033991481,"std_accuracy":0.13465848750692805,"_timestamp":1.7445872593087194e+09,"_runtime":33.816305423}