{"_wandb":{"runtime":90},"avg_accuracy":0.9872958616510199,"std_accuracy":0.009223505472654856,"_timestamp":1.74458744442716e+09,"_runtime":90.025073373,"_step":0}