{"_step":0,"avg_accuracy":0.6120209964333644,"std_accuracy":0.0781899259232446,"_timestamp":1.7443878841655343e+09,"_wandb":{"runtime":84},"_runtime":83.949512558}