{"_runtime":78.97555348,"_step":0,"_wandb":{"runtime":78},"avg_accuracy":0.6940694401497587,"std_accuracy":0.020121830500786416,"_timestamp":1.744609602776128e+09}