{"_timestamp":1.7443868042216132e+09,"_runtime":84.019777178,"_step":0,"_wandb":{"runtime":84},"avg_accuracy":0.5705951775508981,"std_accuracy":0.01640656690685758}