{"_step":0,"avg_accuracy":0.6940694401497587,"std_accuracy":0.020121830500786416,"_timestamp":1.7445899823808007e+09,"_wandb":{"runtime":87},"_runtime":87.832053115}