{"avg_accuracy":0.9931877717531554,"std_accuracy":0.006403407399697937,"_wandb":{"runtime":90},"_timestamp":1.7445869482570481e+09,"_runtime":90.119713022,"_step":0}