{"avg_accuracy":0.6887122796762609,"std_accuracy":0.038541904255230915,"_timestamp":1.7445965353684995e+09,"_runtime":64.607043064,"_step":0,"_wandb":{"runtime":64}}