Epoch,Train Loss,Validation Accuracy,Precision,Recall,F1 Score,Learning Rate
1,0.5500019903682152,0.967032967032967,0.9685904646534568,0.967032967032967,0.9665791661064185,1e-05
2,0.23757726364556095,0.9835164835164835,0.9839152782701169,0.9835164835164835,0.9834096275872986,1e-05
3,0.09690378979874709,0.989010989010989,0.9891896721165013,0.989010989010989,0.9889644508496968,1e-05
4,0.04326326032643804,0.9945054945054945,0.9945505314357774,0.9945054945054945,0.9944940955041965,1e-05
5,0.021002365866311653,0.989010989010989,0.9891896721165013,0.989010989010989,0.9889644508496968,1e-05
6,0.014258748982563492,0.989010989010989,0.9891896721165013,0.989010989010989,0.9889644508496968,1e-05
