{"avg_accuracy":0.647020708717467,"std_accuracy":0.021749638100093546,"_wandb":{"runtime":33},"_timestamp":1.7445896054466486e+09,"_runtime":33.896983197,"_step":0}