{"_runtime":86.231450865,"_step":0,"_wandb":{"runtime":86},"avg_accuracy":0.566964834584418,"std_accuracy":0.027874872318990752,"_timestamp":1.74460944008132e+09}