{"std_accuracy":0.012369839052129822,"_timestamp":1.7445891853839276e+09,"_runtime":88.539800566,"_step":0,"_wandb":{"runtime":88},"avg_accuracy":0.6956267122343919}