{"_wandb":{"runtime":81},"_timestamp":1.7446078099266236e+09,"_runtime":81.212955919,"_step":0,"avg_accuracy":0.6933060477880154,"std_accuracy":0.06727258425237402}