{"_timestamp":1.7445884718069935e+09,"_runtime":93.986787489,"_step":0,"_wandb":{"runtime":94},"avg_accuracy":0.6004467113585787,"std_accuracy":0.04121782022675264}