{"_runtime":96.238541852,"_step":0,"avg_accuracy":0.5619748146243382,"_wandb":{"runtime":96},"std_accuracy":0.02651964013669796,"_timestamp":1.7445898020285542e+09}