{"std_accuracy":0.0066037793430584815,"_timestamp":1.744587352244881e+09,"_runtime":90.93638509,"_step":0,"_wandb":{"runtime":90},"avg_accuracy":0.9900136741205364}