{"avg_accuracy":0.6349826419383625,"std_accuracy":0.10422139407633976,"_timestamp":1.7445968056265893e+09,"_runtime":94.397072256,"_step":0,"_wandb":{"runtime":94}}