{"_timestamp":1.7443929165880065e+09,"_runtime":79.573503378,"_step":0,"_wandb":{"runtime":79},"avg_accuracy":0.7322117146187505,"std_accuracy":0.08942352669884622}