{"_timestamp":1.744596570157564e+09,"_runtime":32.973351553,"_step":0,"_wandb":{"runtime":33},"avg_accuracy":0.6132905503633045,"std_accuracy":0.08790228165160853}