{"_wandb":{"runtime":80},"_runtime":79.803667564,"_step":0,"avg_accuracy":0.7229127160493657,"std_accuracy":0.06874382821213007,"_timestamp":1.7443880502825098e+09}