{"std_accuracy":0.07586588359690956,"_timestamp":1.7443877976436784e+09,"_runtime":86.64595975,"_step":0,"_wandb":{"runtime":86},"avg_accuracy":0.5996307921729319}