{"_wandb":{"runtime":96},"_timestamp":1.7445962707675982e+09,"_runtime":96.441746093,"_step":0,"avg_accuracy":0.6004467113585787,"std_accuracy":0.04121782022675264}