{"std_accuracy":0.02659275369893764,"_timestamp":1.7446085254313822e+09,"_runtime":79.78294521,"_step":0,"_wandb":{"runtime":79},"avg_accuracy":0.6602684756234258}