{"std_accuracy":0.03880388104887701,"_timestamp":1.7443947679586668e+09,"_runtime":58.982010106,"_wandb":{"runtime":59},"_step":0,"avg_accuracy":0.6880809665449478}