{"_runtime":28.586655578,"_step":0,"avg_accuracy":0.669884343418206,"std_accuracy":0.04241557241883566,"_wandb":{"runtime":28},"_timestamp":1.7445895699063802e+09}