{"avg_accuracy":0.5992031302732977,"std_accuracy":0.03121119187768779,"_timestamp":1.7446080626537197e+09,"_runtime":85.631973861,"_step":0,"_wandb":{"runtime":85}}