{"std_accuracy":0.04121782022675264,"_timestamp":1.7446072369157598e+09,"_runtime":85.66982782,"_step":0,"_wandb":{"runtime":85},"avg_accuracy":0.6004467113585787}