{"_timestamp":1.7443883090540204e+09,"_runtime":80.531611292,"_wandb":{"runtime":80},"_step":0,"avg_accuracy":0.658732377313134,"std_accuracy":0.024976166677087738}